Occupation,Proportion of Males
Fitness Instructor,0.5714285714285714
Lawyer,1.0
Bartender,1.0
Financial Analyst,0.9952380952380953
Cook,1.0
Dentist,0.8714285714285714
Biological Scientist,0.6714285714285714
Secondary School Teacher,0.41904761904761906
Pharmacist,0.6047619047619047
Janitor,1.0
